[{"model": "news.category", "pk": 1, "fields": {"name": "╤яюЁЄ"}}, {"model": "news.category", "pk": 2, "fields": {"name": "╧юышЄшър"}}, {"model": "news.category", "pk": 3, "fields": {"name": "╬сЁрчютрэшх"}}, {"model": "news.category", "pk": 4, "fields": {"name": "╤хь№ "}}, {"model": "news.category", "pk": 5, "fields": {"name": "╟фюЁют№х"}}, {"model": "news.category", "pk": 6, "fields": {"name": "╨рчтыхўхэш "}}, {"model": "news.categorysubscriber", "pk": 1, "fields": {"subscriber": 3, "category": 2}}, {"model": "news.categorysubscriber", "pk": 2, "fields": {"subscriber": 3, "category": 1}}, {"model": "news.categorysubscriber", "pk": 3, "fields": {"subscriber": 3, "category": 6}}, {"model": "news.categorysubscriber", "pk": 4, "fields": {"subscriber": 3, "category": 4}}, {"model": "news.categorysubscriber", "pk": 5, "fields": {"subscriber": 3, "category": 3}}, {"model": "news.categorysubscriber", "pk": 6, "fields": {"subscriber": 4, "category": 3}}, {"model": "news.categorysubscriber", "pk": 7, "fields": {"subscriber": 4, "category": 2}}, {"model": "news.categorysubscriber", "pk": 8, "fields": {"subscriber": 11, "category": 3}}, {"model": "news.categorysubscriber", "pk": 9, "fields": {"subscriber": 11, "category": 2}}, {"model": "news.categorysubscriber", "pk": 10, "fields": {"subscriber": 11, "category": 4}}, {"model": "news.categorysubscriber", "pk": 11, "fields": {"subscriber": 12, "category": 3}}, {"model": "news.categorysubscriber", "pk": 12, "fields": {"subscriber": 12, "category": 1}}, {"model": "news.categorysubscriber", "pk": 13, "fields": {"subscriber": 12, "category": 4}}, {"model": "news.author", "pk": 1, "fields": {"rating": 0, "user": 1}}, {"model": "news.author", "pk": 2, "fields": {"rating": 0, "user": 2}}, {"model": "news.author", "pk": 3, "fields": {"rating": 0, "user": 3}}, {"model": "news.post", "pk": 1, "fields": {"author": 1, "post_type": "NE", "time_create": "2022-11-13T11:35:59.133Z", "caption": "л╤ярЁЄръ╗ х∙х яюсюЁхЄё  ё л╟хэшЄюь╗ чр ўхьяшюэёЄтю", "text": "▌ъё ёютхЄэшъ с√т°хую яЁхчшфхэЄр л╤ярЁЄрър╗ ╦хюэшфр ╘хфєэр ╘Ёрэъю ╩рьюЎшш яюфхышыё  ьэхэшхь ю ьрЄўх лъЁрёэю-схы√ї╗ яЁюЄшт л╦юъюьюЄштр╗ т 17-ь ЄєЁх ╠╚╨ ╨╧╦.\r\n┬ ёєссюЄє л╤ярЁЄръ╗ эр т√хчфх юс√уЁры л╦юъюьюЄшт╗ ёю ёўхЄюь 2:1.", "rating": 4}}, {"model": "news.post", "pk": 2, "fields": {"author": 1, "post_type": "NE", "time_create": "2022-11-13T11:39:56.416Z", "caption": "╩шЁъюЁют, ┴єчютр, ├рыєёЄ э, ─юышэр ётхЁъэєыш эрЁ фрьш т ╩Ёхьыхтёъюь фтюЁЎх 111", "text": "╨юёёшщёъшх чтхчф√ ёюсЁрышё№ т ├юёєфрЁёЄтхээюь ╩Ёхьыхтёъюь ─тюЁЎх эр сюы№°юх °ює. ╧хтшЎ√ (ш яхтЎ√) сышёЄрыш эр ъЁрёэющ фюЁюцъх т  Ёъшї эрЁ фрї, р ёю ёЎхэ√ чтєўрыш яючфЁртыхэш  ш ёыютр сыруюфрЁэюёЄш. ╤Ёхфш уюёЄхщ тхўхЁр с√ыш ╘шышяя ╩шЁъюЁют, ╦рЁшёр ─юышэр, ╬ы№ур ┴єчютр, ╧юышэр ├рурЁшэр, ╦■ё  ╫хсюЄшэр, ╒рсшс, ╠рЁш ╩ЁрщьсЁхЁш, ╟рЁр, ╤Єрё ╩юёЄ■°ъшэ, REFLEX, ╩рЄ  ╦хы№, ╦хЁр ╩єфЁ тЎхтр, сыюухЁ DAVA, уЁєяяр л┴ыхёЄ ∙шх╗ ш фЁєушх чэрьхэшЄюёЄш. ╦рЁшёр ─юышэр т√°ыр т ётхЄ тьхёЄх ёю ётюшь яЁюЄхцх └ыхъёрэфЁюь ┼ыютёъшї, р ╘шышяя ╩шЁъюЁют юїюЄэю яючшЁютры цєЁэрышёЄрь, эю юс∙рЄ№ё  ё яЁхёёющ эх ёЄры.", "rating": -2}}, {"model": "news.post", "pk": 3, "fields": {"author": 2, "post_type": "AR", "time_create": "2022-11-13T11:42:18.639Z", "caption": "┬ьхёЄю л▀эфхъёр╗ ЄхяхЁ№ юЄъЁ√трхЄё  л─чхэ╗, ш ъєфр-Єю фхырё№ яюўЄр. ╫Єю яЁюшчю°ыю?", "text": "╧юы№чютрЄхыш л▀эфхъёр╗ эх єчэрыш уыртэє■ ёЄЁрэшЎє ёрщЄр: ёё√ыър Yandex.ru яЁштхыр шї эр Dzen.ru. ╩єфр фхыё  ёЄрЁ√щ фюсЁ√щ л▀эфхъё╗ ш ъръшх х∙х яхЁхьхэ√ яЁюшчю°ыш эр ьхфшрЁ√эъх? ╬Єтхўрхь т ърЁЄюўърї.\n\n╫Єю ёыєўшыюё№?\nл▀эфхъё╗ яЁюфры фтр ётюшї ьхфшщэ√ї ръЄштр Ч эютюёЄэющ руЁхурЄюЁ ш яырЄЇюЁьє фы  ёючфрэш  ш яЁюёьюЄЁр ъюэЄхэЄр л─чхэ╗ Ч ъЁєяэхщ°хщ Єхїэюыюушўхёъющ ъюьярэшш т ╨юёёшш VK. ┬чрьхэ л▀эфхъё╗ яюыєўшы ёхЁтшё фюёЄртъш уюЄютющ хф√ ш яЁюфєъЄют Delivery Club. ╤фхыъє чръЁ√ыш 12 ёхэЄ сЁ  яюёых ёюуырёютрэш  ё ╘хфхЁры№эющ рэЄшьюэюяюы№эющ ёыєцсющ.\n", "rating": 6}}, {"model": "news.post", "pk": 4, "fields": {"author": 1, "post_type": "AR", "time_create": "2022-11-15T14:21:20.715Z", "caption": "╩шЁъюЁют ш фЁєушх ╧шфюЁрё√ ё·хсрышё№", "text": "╨юёёшщёъшх чтхчф√ яшфюЁрё√ ё·хсрышё№ чруЁрэшЎє сы Є№ эрїєщ. ╧шчфхЎ сы Є№", "rating": 0}}, {"model": "news.post", "pk": 5, "fields": {"author": 2, "post_type": "AR", "time_create": "2022-11-15T14:21:20.731Z", "caption": "═хїюЁю°шщ ўхыютхъ Ч Ёхфшёър!", "text": "▌ЄюЄ Ёхфшёър єхсрэ єъЁры шч ърчэ√ ьшыышюэ√ фюыырЁют ш їЁрэшы шї т яюфтрых ётюхую фюьр.", "rating": 0}}, {"model": "news.post", "pk": 6, "fields": {"author": 2, "post_type": "NE", "time_create": "2022-11-16T10:23:20.394Z", "caption": "─юэры№ф ╥Ёрья ёэютр т√фтшурхЄё  т яЁхчшфхэЄ√ ╤╪└", "text": "sadasd cs", "rating": 0}}, {"model": "news.post", "pk": 8, "fields": {"author": 1, "post_type": "NE", "time_create": "2022-11-16T14:02:43.358Z", "caption": "dcacasxax", "text": "ascascas", "rating": 0}}, {"model": "news.post", "pk": 9, "fields": {"author": 1, "post_type": "NE", "time_create": "2022-11-16T14:29:02.216Z", "caption": "dcacasxax 777 888 999", "text": "ascascas iuh ih i\r\n yt jyt fy\r\nu tjuut j\r\n777 sd", "rating": 0}}, {"model": "news.post", "pk": 10, "fields": {"author": 2, "post_type": "AR", "time_create": "2022-11-16T15:24:00.747Z", "caption": "╤ЄрЄ№  1", "text": "ЎтЇЎт Ї√ тЇ√т Ї√т Ї", "rating": 0}}, {"model": "news.post", "pk": 11, "fields": {"author": 2, "post_type": "AR", "time_create": "2022-11-16T15:34:11.946Z", "caption": "╤ЄрЄ№  1", "text": "ЎтЇЎт Ї√ тЇ√т Ї√т Ї", "rating": 0}}, {"model": "news.post", "pk": 12, "fields": {"author": 2, "post_type": "AR", "time_create": "2022-11-16T15:34:17.380Z", "caption": "╤ЄрЄ№  1 11 юсэютыхээр ", "text": "ЎтЇЎт Ї√ тЇ√т Ї√т Їw e wfe we", "rating": 0}}, {"model": "news.post", "pk": 13, "fields": {"author": 2, "post_type": "AR", "time_create": "2022-11-16T15:34:22.751Z", "caption": "╤ЄрЄ№  3 333", "text": "ЎтЇЎт Ї√ тЇ√т Ї√т Ї ff asd fasd", "rating": 0}}, {"model": "news.post", "pk": 14, "fields": {"author": 1, "post_type": "NE", "time_create": "2022-11-16T15:44:45.716Z", "caption": "═ютюёЄ№ 111 33", "text": "Ї√т ╘█┬ ЇтЇ█ \r\nЇт ╘█┬ Ї√\r\nЇ√тр Ї√тр Ї√рт\r\n рЇ√ сы Є№ Ї√ трb7", "rating": 0}}, {"model": "news.post", "pk": 15, "fields": {"author": 1, "post_type": "NE", "time_create": "2022-11-16T17:55:28.941Z", "caption": "ygtvtytyyf", "text": "guvyvyvy\r\nbubiby", "rating": 0}}, {"model": "news.post", "pk": 16, "fields": {"author": 1, "post_type": "NE", "time_create": "2022-11-16T18:39:45.023Z", "caption": "═ютюёЄ№ 333 33 5", "text": "ЎЇрЇ√рЇ√трЇ√трЇv adf ev sdfv 55", "rating": 0}}, {"model": "news.post", "pk": 17, "fields": {"author": 1, "post_type": "NE", "time_create": "2022-11-19T17:35:33.531Z", "caption": "News 3242342", "text": "dfg dfgsdfg sdfg\r\nsdfg sd fgsd fgsdfg f", "rating": 0}}, {"model": "news.post", "pk": 18, "fields": {"author": 1, "post_type": "AR", "time_create": "2022-11-19T17:36:07.407Z", "caption": "╤ЄрЄ№  яЁю ╤яюЁЄ 777", "text": "√тря √тря √тря \r\n√тъ ря √тря √тря√т\r\nря √тр\r\nя \r\n√тря\r\n √т\r\nря√ тря√т ря√т я√тр", "rating": 0}}, {"model": "news.post", "pk": 19, "fields": {"author": 2, "post_type": "AR", "time_create": "2022-11-19T17:47:54.598Z", "caption": "╤ЄрЄ№  1555", "text": "awe wer wer\r\nwe wer wer \r\nwer wer wery rtyr", "rating": 0}}, {"model": "news.post", "pk": 20, "fields": {"author": 3, "post_type": "NE", "time_create": "2022-11-24T14:58:04.012Z", "caption": "sdfsd", "text": "dsfgsdfg sdfgs dfgsd", "rating": 0}}, {"model": "news.post", "pk": 29, "fields": {"author": 3, "post_type": "AR", "time_create": "2022-11-24T15:37:57.787Z", "caption": "├юы№Ї ╥єЁсю 4ї4. ╘шэры! ╧ЁюхъЄ чръюэўхэ!", "text": "═є ўЄю, тюЄ ш чръюэўшыё  яЁюхъЄ яю ├юы№Їє. ─рцх эхьэюую уЁєёЄэю ((\r\n\r\n┬ ¤Єющ ёхЁшш ┬√ єчэрхЄх, ўЄю цх Єръюую ёфхыры ╬ыху фы  ¤Єюую ├юы№Їшър. \r\n╥ръцх, ь√ ё·хчфшь эр чрьхЁ ью∙эюёЄш, чрьхЁшь Ёрчуюэ 0-100, яюуютюЁшь яЁю ёЄюшьюёЄ№ яЁюхъЄр ш яюфтхфхь шЄюуш )\r\n\r\n╩ръ   ш уютюЁшы, ¤Єю ыєў°шщ яЁюхъЄ эр ▐Єєсх т 22 уюфє, эр ьющ тчуы ф. ╚ яюыєўшыё  юэ юўхэ№ ъЁєЄ√ь!\r\n\r\n┬ёхь ёярёшсю чр яЁюёьюЄЁ! ", "rating": 0}}, {"model": "news.post", "pk": 32, "fields": {"author": 3, "post_type": "NE", "time_create": "2022-11-24T18:59:15.779Z", "caption": "√т√тр√рas das sad 777", "text": "asdasdadasadads sa 999 8", "rating": 0}}, {"model": "news.post", "pk": 33, "fields": {"author": 3, "post_type": "NE", "time_create": "2022-11-24T19:01:10.198Z", "caption": "√√√", "text": "√√√", "rating": 0}}, {"model": "news.post", "pk": 34, "fields": {"author": 3, "post_type": "NE", "time_create": "2022-11-26T18:34:56.732Z", "caption": "swswsw", "text": "wswswsw", "rating": 0}}, {"model": "news.post", "pk": 35, "fields": {"author": 3, "post_type": "NE", "time_create": "2022-11-26T18:36:09.776Z", "caption": "asdas", "text": "adadwe", "rating": 0}}, {"model": "news.post", "pk": 36, "fields": {"author": 3, "post_type": "NE", "time_create": "2022-11-26T18:51:20.859Z", "caption": "ASasASas", "text": "asdasaasd", "rating": 0}}, {"model": "news.post", "pk": 37, "fields": {"author": 3, "post_type": "NE", "time_create": "2022-11-26T18:51:58.299Z", "caption": "asdasdadasdasd", "text": "sad asd asdas das ", "rating": 0}}, {"model": "news.post", "pk": 38, "fields": {"author": 3, "post_type": "NE", "time_create": "2022-11-26T18:53:22.532Z", "caption": "asdasdasdsad", "text": "dcsvdcvdscsc", "rating": 0}}, {"model": "news.post", "pk": 39, "fields": {"author": 1, "post_type": "NE", "time_create": "2022-11-26T19:01:19.708Z", "caption": "щщщ 3333", "text": "щщщтщЎ Ўщ Ўщт щЎт щЎтщЎ щЎ", "rating": 0}}, {"model": "news.post", "pk": 40, "fields": {"author": 3, "post_type": "AR", "time_create": "2022-11-26T19:19:29.529Z", "caption": "╘█√╘█Ї√", "text": "щЎєтщЎтщЎт щЎ щЎт щЎтщЎт щЎ", "rating": 0}}, {"model": "news.post", "pk": 41, "fields": {"author": 3, "post_type": "AR", "time_create": "2022-11-26T19:20:08.014Z", "caption": "щтЎщт", "text": "ЎєтЎєтЎ", "rating": 0}}, {"model": "news.post", "pk": 42, "fields": {"author": 1, "post_type": "NE", "time_create": "2022-11-26T19:20:19.245Z", "caption": "щЎєщЎє", "text": "щЎєєщЎє", "rating": 0}}, {"model": "news.post", "pk": 43, "fields": {"author": 1, "post_type": "NE", "time_create": "2022-11-26T19:21:38.053Z", "caption": "222", "text": "222 Ўщ √щ", "rating": 0}}, {"model": "news.post", "pk": 44, "fields": {"author": 3, "post_type": "AR", "time_create": "2022-11-26T19:21:53.696Z", "caption": "111", "text": "111", "rating": 0}}, {"model": "news.post", "pk": 45, "fields": {"author": 2, "post_type": "NE", "time_create": "2022-11-26T20:04:18.866Z", "caption": "Newsss  13242342", "text": "234234234asdxasdas qsa a", "rating": 0}}, {"model": "news.post", "pk": 46, "fields": {"author": 3, "post_type": "NE", "time_create": "2022-11-26T20:05:20.572Z", "caption": "New 777777", "text": "qedewdwedwedwedwe", "rating": 0}}, {"model": "news.post", "pk": 47, "fields": {"author": 1, "post_type": "NE", "time_create": "2022-11-26T20:07:01.171Z", "caption": "Newxcdsc sd sd", "text": "sd sd sd", "rating": 0}}, {"model": "news.post", "pk": 48, "fields": {"author": 1, "post_type": "NE", "time_create": "2022-11-26T20:10:28.359Z", "caption": "New 8888", "text": "dfgsdgsdgsdg", "rating": 0}}, {"model": "news.post", "pk": 49, "fields": {"author": 3, "post_type": "AR", "time_create": "2022-11-26T20:10:43.834Z", "caption": "╤ЄрЄ№  1 88888", "text": "tyr tye yerty erty", "rating": 0}}, {"model": "news.post", "pk": 50, "fields": {"author": 2, "post_type": "NE", "time_create": "2022-11-26T20:16:11.967Z", "caption": "nmhgc", "text": "jhkgckhgch", "rating": 0}}, {"model": "news.post", "pk": 51, "fields": {"author": 1, "post_type": "NE", "time_create": "2022-11-26T20:17:32.681Z", "caption": "╤ЄрЄ№  1", "text": "sdvcds sd sdsd", "rating": 0}}, {"model": "news.post", "pk": 52, "fields": {"author": 2, "post_type": "NE", "time_create": "2022-11-26T20:19:02.916Z", "caption": "√т√тр√р", "text": "asdasvsadvsav", "rating": 0}}, {"model": "news.post", "pk": 53, "fields": {"author": 1, "post_type": "NE", "time_create": "2022-11-26T20:22:02.070Z", "caption": "as", "text": "asasa", "rating": 0}}, {"model": "news.post", "pk": 54, "fields": {"author": 1, "post_type": "NE", "time_create": "2022-11-26T20:23:35.003Z", "caption": "√т√тр√р", "text": "qwdqwdqwdqwdwq", "rating": 0}}, {"model": "news.post", "pk": 55, "fields": {"author": 1, "post_type": "NE", "time_create": "2022-11-26T20:33:04.632Z", "caption": "asdas", "text": "asdasdasdas", "rating": 0}}, {"model": "news.post", "pk": 56, "fields": {"author": 1, "post_type": "NE", "time_create": "2022-11-26T20:40:05.307Z", "caption": "serwerwerw", "text": "htrt yhr hy hty ht", "rating": 0}}, {"model": "news.post", "pk": 57, "fields": {"author": 1, "post_type": "NE", "time_create": "2022-11-26T20:41:22.656Z", "caption": "WWW 333", "text": "wwqqww", "rating": 0}}, {"model": "news.post", "pk": 58, "fields": {"author": 1, "post_type": "NE", "time_create": "2022-11-26T20:43:03.392Z", "caption": "WWW 333", "text": "wwqqww", "rating": 0}}, {"model": "news.post", "pk": 59, "fields": {"author": 1, "post_type": "NE", "time_create": "2022-11-26T20:49:42.377Z", "caption": "WWW 777", "text": "hetyhtyht tyh tyh t", "rating": 0}}, {"model": "news.post", "pk": 60, "fields": {"author": 1, "post_type": "NE", "time_create": "2022-11-26T20:53:57.083Z", "caption": "rrrr 555", "text": "htfhfh", "rating": 0}}, {"model": "news.post", "pk": 61, "fields": {"author": 1, "post_type": "NE", "time_create": "2022-11-26T21:04:00.826Z", "caption": "╤ЄрЄ№  123e2e32", "text": "efvdfvdfvfdvdfvfd", "rating": 0}}, {"model": "news.post", "pk": 62, "fields": {"author": 1, "post_type": "NE", "time_create": "2022-11-27T20:10:11.688Z", "caption": "╤ЄрЄ№  11111", "text": "fsdfsdfsfsdf", "rating": 0}}, {"model": "news.post", "pk": 63, "fields": {"author": 1, "post_type": "NE", "time_create": "2022-11-27T20:20:10.458Z", "caption": "╤ЄрЄ№  1121212", "text": "dsfsdfsdf", "rating": 0}}, {"model": "news.post", "pk": 64, "fields": {"author": 2, "post_type": "NE", "time_create": "2022-11-27T20:22:40.579Z", "caption": "╤ЄрЄ№  12 232", "text": "dsfsdf s", "rating": 0}}, {"model": "news.post", "pk": 65, "fields": {"author": 2, "post_type": "NE", "time_create": "2022-11-27T20:23:46.359Z", "caption": "╤ЄрЄ№  12 232", "text": "dsfsdf s", "rating": 0}}, {"model": "news.post", "pk": 66, "fields": {"author": 2, "post_type": "NE", "time_create": "2022-11-27T20:26:13.035Z", "caption": "╤ЄрЄ№  1222333444", "text": "regerg er erg", "rating": 0}}, {"model": "news.post", "pk": 67, "fields": {"author": 2, "post_type": "NE", "time_create": "2022-11-27T20:31:35.924Z", "caption": "╤ЄрЄ№  1222333444", "text": "regerg er erg", "rating": 0}}, {"model": "news.post", "pk": 68, "fields": {"author": 2, "post_type": "NE", "time_create": "2022-11-27T20:32:57.780Z", "caption": "╤ЄрЄ№  1222333444", "text": "regerg er erg", "rating": 0}}, {"model": "news.post", "pk": 69, "fields": {"author": 2, "post_type": "NE", "time_create": "2022-11-27T20:34:26.653Z", "caption": "╤ЄрЄ№  1222333444", "text": "regerg er erg", "rating": 0}}, {"model": "news.post", "pk": 70, "fields": {"author": 2, "post_type": "NE", "time_create": "2022-11-27T20:35:29.652Z", "caption": "╤ЄрЄ№  1222333444", "text": "regerg er erg", "rating": 0}}, {"model": "news.post", "pk": 71, "fields": {"author": 1, "post_type": "NE", "time_create": "2022-11-27T20:39:41.496Z", "caption": "╤ЄрЄ№  new 222222", "text": "efwewrwer wer werw erw rw rwr", "rating": 0}}, {"model": "news.post", "pk": 72, "fields": {"author": 3, "post_type": "NE", "time_create": "2022-11-27T21:58:03.767Z", "caption": "╤ЄрЄ№  1adas adsd", "text": "ascascacad as", "rating": 0}}, {"model": "news.post", "pk": 73, "fields": {"author": 3, "post_type": "NE", "time_create": "2022-11-27T21:58:17.562Z", "caption": "asdasd", "text": "dfdfbdbd", "rating": 0}}, {"model": "news.post", "pk": 74, "fields": {"author": 3, "post_type": "NE", "time_create": "2022-11-27T21:58:26.912Z", "caption": "ertetr", "text": "ertertrete", "rating": 0}}, {"model": "news.post", "pk": 75, "fields": {"author": 2, "post_type": "NE", "time_create": "2022-11-28T20:44:38.007Z", "caption": "═ютюёЄ№ ёєяхЁ", "text": "╘√╘█ Ї√ ╘█ √ ╘√", "rating": 0}}, {"model": "news.post", "pk": 76, "fields": {"author": 1, "post_type": "NE", "time_create": "2022-11-29T15:23:30.909Z", "caption": "adasdasd", "text": "asdasdasda", "rating": 0}}, {"model": "news.post", "pk": 77, "fields": {"author": 2, "post_type": "NE", "time_create": "2022-11-29T17:12:37.537Z", "caption": "√т√тр√рuuuuuu", "text": "uuuuuuuuuuuuuuuu", "rating": 0}}, {"model": "news.post", "pk": 78, "fields": {"author": 1, "post_type": "NE", "time_create": "2022-11-29T17:52:07.588Z", "caption": "dfsdf", "text": "tyty", "rating": 0}}, {"model": "news.post", "pk": 79, "fields": {"author": 1, "post_type": "NE", "time_create": "2022-11-29T17:59:14.540Z", "caption": "eee", "text": "eee 333", "rating": 0}}, {"model": "news.post", "pk": 80, "fields": {"author": 3, "post_type": "NE", "time_create": "2022-11-29T18:31:32.907Z", "caption": "═ютюртттт", "text": "Ї√тЇ√т√Їт", "rating": 0}}, {"model": "news.post", "pk": 81, "fields": {"author": 3, "post_type": "NE", "time_create": "2022-11-29T18:35:01.100Z", "caption": "√т√тр√рasdasd444", "text": "44444", "rating": 0}}, {"model": "news.post", "pk": 82, "fields": {"author": 3, "post_type": "NE", "time_create": "2022-11-29T18:36:16.616Z", "caption": "╤ЄрЄ№  122222", "text": "dsdsfsdf", "rating": 0}}, {"model": "news.post", "pk": 83, "fields": {"author": 2, "post_type": "NE", "time_create": "2022-11-29T18:40:13.880Z", "caption": "sadad", "text": "asdasdas", "rating": 0}}, {"model": "news.post", "pk": 84, "fields": {"author": 1, "post_type": "NE", "time_create": "2022-11-29T18:59:01.700Z", "caption": "srgfgdger", "text": "regergerger", "rating": 0}}, {"model": "news.post", "pk": 85, "fields": {"author": 2, "post_type": "NE", "time_create": "2022-11-29T19:02:14.491Z", "caption": "wefrerf", "text": "ergeg", "rating": 0}}, {"model": "news.post", "pk": 86, "fields": {"author": 1, "post_type": "NE", "time_create": "2022-11-29T19:08:39.581Z", "caption": "═ютюёЄ№ уэютрррррр", "text": "╧шчфхЎ ртя√трятря√т", "rating": 0}}, {"model": "news.post", "pk": 87, "fields": {"author": 2, "post_type": "NE", "time_create": "2022-11-29T19:13:36.232Z", "caption": "л╧ютхёЄъє яшчфхЎ яюыєўшы т фхэ№ ётюхую 40-ыхЄш ╗: эр ╙Ёрых яЁюёЄ Єё  ё яюушс°шь ьюсшышчютрээ√ь", "text": "╙Ёр!!!! ┬ ╩рЁяшэёъх 1 фхърсЁ  яЁющфхЄ яЁю∙рэшх ё ьхёЄэ√ь цшЄхыхь ┬шЄрышхь ╟рщЎхт√ь. ╬э с√ы ьюсшышчютрэ ш яюушс, яюыєўшт Ёрэхэшх т сю■. ╠хфшъш я√Єрышё№ ёярёЄш ьєцўшэє, эю схчєёях°эю.\r\n\r\nЧ ╩рЁяшэёъ яюэхё Є цхыє■ єЄЁрЄє Ч є°хы шч цшчэш ╟р∙шЄэшъ ╨юфшэ√, ьхїрэшъ-тюфшЄхы№ ьюЄюёЄЁхыъютюую юЄфхыхэш  ьюЄюёЄЁхыъютюую срЄры№юэр, яЁшяшёрээюую ъ 90-щ утрЁфхщёъющ Єрэъютющ фштшчшш, ёхЁцрэЄ ┬шЄрышщ ╟рщЎхт, Ч эряшёры эр ётюхщ ёЄЁрэшЎх тю л┬╩юэЄръЄх╗ уыртр ╩рЁяшэёъюую ├╬ └эфЁхщ ╩ыюяют. Ч ┬шЄрышщ с√ы Є цхыю Ёрэхэ т сю ї яюф ╒хЁёюэюь, чр хую цшчэ№ сюЁюышё№ ёяхЎшрышёЄ√ ═рЎшюэры№эюую ьхфЎхэЄЁр эхщЁюїшЁєЁушш шьхэш ┴єЁфхэъю т ╠юёътх, эю ёярёЄш цшчэ№ ┬шЄрыш  ╟рщЎхтр тЁрўрь эх єфрыюё№.", "rating": 0}}, {"model": "news.post", "pk": 88, "fields": {"author": 2, "post_type": "AR", "time_create": "2022-11-30T19:34:06.927Z", "caption": "╪ющує: ЇшэрэёшЁютрэшх уюёюсюЁюэчрърчр т 2023 уюфє т√ЁрёЄхЄ т 1,5 Ёрчр", "text": "╠шэшёЄЁ юсюЁюэ√ ╨юёёшш ╤хЁухщ ╪ющує юс· тшы ю яырэрї єтхышўшЄ№ юс·хь√ ЇшэрэёшЁютрэш  уюёюсюЁюэчрърчр т 2023 уюфє, яхЁхфр╕Є ╨╚└ ╘└═. ╧ю хую ёыютрь, Ёрёїюф√ эр ёююЄтхЄёЄтє■∙шх эєцф√ т√ЁрёЄєЄ т 1,5 Ёрчр.\r\n\r\nл▌Єю фрёЄ тючьюцэюёЄ№ юсхёяхўшЄ№ ёюхфшэхэш  ш тюшэёъшх ўрёЄш яюёЄю ээющ уюЄютэюёЄш тююЁєцхэшхь ш Єхїэшъющ эр єЁютэх 97%╗, Ч ёърчры юэ эр чрёхфрэшш ъюыыхушш тюхээюую тхфюьёЄтр.\r\n\r\n╠шэшёЄЁ Єръцх юЄьхЄшы, ўЄю уюёюсюЁюэчрърч т Єхъє∙хь уюфє сєфхЄ т√яюыэхэ яЁхфяЁш Єш ьш ╬╧╩ эр єЁютэх эх ьхэхх 99%.\r\n\r\nл═р срчх ═рЎшюэры№эюую ЎхэЄЁр єяЁртыхэш  юсюЁюэющ юЁурэшчютрэ ъюэЄЁюы№ чр яюёЄртърьш юёюсю тюёЄЁхсютрээюую тююЁєцхэш . ╧Ёшэ Є√х ьхЁ√ яючтюы Є юсхёяхўшЄ№ т√яюыэхэшх уюёєфрЁёЄтхээюую юсюЁюээюую чрърчр эр єЁютэх эх ьхэхх 99%╗, Ч Ёрёёърчры ╪ющує.\r\n\r\n├ыртр тхфюьёЄтр юЄьхЄшы, ўЄю т Ёхчєы№ЄрЄх яЁютхфхэш  ёяхЎюяхЁрЎшш ш ўрёЄшўэющ ьюсшышчрЎшш ЄЁхсютрэш  ъ уюёчрърчє эр тёхї єЁютэ ї ъюэЄЁюы  ш шёяюыэхэш  т√Ёюёыш.\r\n\r\nл┬ Єхъє∙хь уюфє юяЄшьшчшЁютрэр ЁхрышчрЎш  фхщёЄтє■∙шї ш чръы■ўхээ√ї эют√ї уюёъюэЄЁръЄют. ╧Ёш ¤Єюь т яюыэюь юс·хьх юсхёяхўхэю шї ртрэёшЁютрэшх╗, Ч ёърчры ╪ющує.", "rating": 0}}, {"model": "news.comment", "pk": 1, "fields": {"text": "╬ўхэ№ ъЁєЄю, яючфЁрты хь", "rating": 5, "time_create": "2022-11-13T13:48:44.781Z", "post": 1, "user": 2}}, {"model": "news.comment", "pk": 2, "fields": {"text": "╩Ёрёштю цшЄ№ эх чряЁхЄш°№)", "rating": 0, "time_create": "2022-11-13T13:48:44.834Z", "post": 2, "user": 1}}, {"model": "news.comment", "pk": 3, "fields": {"text": "─р тё╕ эр ьхёЄх. ўхую яюэряЁшфєь√трыш.", "rating": 0, "time_create": "2022-11-13T13:49:11.967Z", "post": 3, "user": 2}}, {"model": "news.comment", "pk": 4, "fields": {"text": "▀эфхъё тёх яЁртшы№эю ёфхыры - шчсртшыё  юЄ Єюъёшўэющ эютюёЄэющ яюьющъш ─чхэр! :)\n┬юЄ ьэюушх яш°єЄ ўЄю Єшяю ▀эфхъё яхЁхёЄры с√Є№ ъюэъєЁхэЄюь Google..\n╤хЁ№хчэю?\n├фх т√ тшфхыш є Google эютюёЄэє■ яюьющъє? :)\n▀эфхъё эрюсюЁюЄ ёЄры сышцх ш ъ Google ш ъ Amazon т√сЁрт ёяхЎшрышчрЎш■ юсырўэ√ї ёхЁтшёют, ЄюЁуютыш ш ёшёЄхь ╚╚.\n▀ ъръ ╚╥ шэцхэхЁ яюффхЁцштр■ Ёх°хэшх ▀эфхъё! :)", "rating": 7, "time_create": "2022-11-13T13:49:30.586Z", "post": 3, "user": 1}}, {"model": "news.postcategory", "pk": 1, "fields": {"post": 1, "category": 1}}, {"model": "news.postcategory", "pk": 2, "fields": {"post": 1, "category": 6}}, {"model": "news.postcategory", "pk": 3, "fields": {"post": 2, "category": 6}}, {"model": "news.postcategory", "pk": 4, "fields": {"post": 3, "category": 2}}, {"model": "news.postcategory", "pk": 5, "fields": {"post": 4, "category": 2}}, {"model": "news.postcategory", "pk": 6, "fields": {"post": 5, "category": 3}}, {"model": "news.postcategory", "pk": 7, "fields": {"post": 6, "category": 2}}, {"model": "news.postcategory", "pk": 9, "fields": {"post": 8, "category": 2}}, {"model": "news.postcategory", "pk": 10, "fields": {"post": 9, "category": 2}}, {"model": "news.postcategory", "pk": 11, "fields": {"post": 10, "category": 3}}, {"model": "news.postcategory", "pk": 12, "fields": {"post": 11, "category": 3}}, {"model": "news.postcategory", "pk": 13, "fields": {"post": 12, "category": 3}}, {"model": "news.postcategory", "pk": 14, "fields": {"post": 13, "category": 3}}, {"model": "news.postcategory", "pk": 15, "fields": {"post": 14, "category": 3}}, {"model": "news.postcategory", "pk": 16, "fields": {"post": 15, "category": 2}}, {"model": "news.postcategory", "pk": 17, "fields": {"post": 16, "category": 2}}, {"model": "news.postcategory", "pk": 18, "fields": {"post": 17, "category": 2}}, {"model": "news.postcategory", "pk": 19, "fields": {"post": 18, "category": 1}}, {"model": "news.postcategory", "pk": 20, "fields": {"post": 19, "category": 2}}, {"model": "news.postcategory", "pk": 21, "fields": {"post": 32, "category": 2}}, {"model": "news.postcategory", "pk": 22, "fields": {"post": 32, "category": 3}}, {"model": "news.postcategory", "pk": 23, "fields": {"post": 32, "category": 4}}, {"model": "news.postcategory", "pk": 24, "fields": {"post": 33, "category": 3}}, {"model": "news.postcategory", "pk": 25, "fields": {"post": 35, "category": 3}}, {"model": "news.postcategory", "pk": 26, "fields": {"post": 38, "category": 2}}, {"model": "news.postcategory", "pk": 27, "fields": {"post": 39, "category": 2}}, {"model": "news.postcategory", "pk": 28, "fields": {"post": 43, "category": 2}}, {"model": "news.postcategory", "pk": 29, "fields": {"post": 46, "category": 2}}, {"model": "news.postcategory", "pk": 30, "fields": {"post": 47, "category": 2}}, {"model": "news.postcategory", "pk": 31, "fields": {"post": 47, "category": 3}}, {"model": "news.postcategory", "pk": 32, "fields": {"post": 47, "category": 4}}, {"model": "news.postcategory", "pk": 33, "fields": {"post": 48, "category": 2}}, {"model": "news.postcategory", "pk": 34, "fields": {"post": 50, "category": 2}}, {"model": "news.postcategory", "pk": 35, "fields": {"post": 51, "category": 2}}, {"model": "news.postcategory", "pk": 36, "fields": {"post": 51, "category": 3}}, {"model": "news.postcategory", "pk": 37, "fields": {"post": 51, "category": 4}}, {"model": "news.postcategory", "pk": 38, "fields": {"post": 51, "category": 5}}, {"model": "news.postcategory", "pk": 39, "fields": {"post": 52, "category": 1}}, {"model": "news.postcategory", "pk": 40, "fields": {"post": 52, "category": 2}}, {"model": "news.postcategory", "pk": 41, "fields": {"post": 52, "category": 3}}, {"model": "news.postcategory", "pk": 42, "fields": {"post": 53, "category": 1}}, {"model": "news.postcategory", "pk": 43, "fields": {"post": 53, "category": 2}}, {"model": "news.postcategory", "pk": 44, "fields": {"post": 53, "category": 3}}, {"model": "news.postcategory", "pk": 45, "fields": {"post": 58, "category": 2}}, {"model": "news.postcategory", "pk": 46, "fields": {"post": 58, "category": 3}}, {"model": "news.postcategory", "pk": 47, "fields": {"post": 60, "category": 2}}, {"model": "news.postcategory", "pk": 48, "fields": {"post": 60, "category": 3}}, {"model": "news.postcategory", "pk": 49, "fields": {"post": 60, "category": 4}}, {"model": "news.postcategory", "pk": 50, "fields": {"post": 61, "category": 1}}, {"model": "news.postcategory", "pk": 51, "fields": {"post": 61, "category": 2}}, {"model": "news.postcategory", "pk": 52, "fields": {"post": 61, "category": 4}}, {"model": "news.postcategory", "pk": 53, "fields": {"post": 62, "category": 2}}, {"model": "news.postcategory", "pk": 54, "fields": {"post": 62, "category": 3}}, {"model": "news.postcategory", "pk": 55, "fields": {"post": 62, "category": 4}}, {"model": "news.postcategory", "pk": 56, "fields": {"post": 65, "category": 2}}, {"model": "news.postcategory", "pk": 57, "fields": {"post": 65, "category": 3}}, {"model": "news.postcategory", "pk": 58, "fields": {"post": 70, "category": 2}}, {"model": "news.postcategory", "pk": 59, "fields": {"post": 70, "category": 3}}, {"model": "news.postcategory", "pk": 60, "fields": {"post": 70, "category": 4}}, {"model": "news.postcategory", "pk": 61, "fields": {"post": 71, "category": 2}}, {"model": "news.postcategory", "pk": 62, "fields": {"post": 71, "category": 3}}, {"model": "news.postcategory", "pk": 63, "fields": {"post": 72, "category": 3}}, {"model": "news.postcategory", "pk": 64, "fields": {"post": 72, "category": 4}}, {"model": "news.postcategory", "pk": 65, "fields": {"post": 73, "category": 1}}, {"model": "news.postcategory", "pk": 66, "fields": {"post": 73, "category": 3}}, {"model": "news.postcategory", "pk": 67, "fields": {"post": 73, "category": 4}}, {"model": "news.postcategory", "pk": 68, "fields": {"post": 74, "category": 1}}, {"model": "news.postcategory", "pk": 69, "fields": {"post": 75, "category": 3}}, {"model": "news.postcategory", "pk": 70, "fields": {"post": 75, "category": 4}}, {"model": "news.postcategory", "pk": 71, "fields": {"post": 76, "category": 2}}, {"model": "news.postcategory", "pk": 72, "fields": {"post": 76, "category": 4}}, {"model": "news.postcategory", "pk": 73, "fields": {"post": 77, "category": 3}}, {"model": "news.postcategory", "pk": 74, "fields": {"post": 78, "category": 3}}, {"model": "news.postcategory", "pk": 75, "fields": {"post": 84, "category": 2}}, {"model": "news.postcategory", "pk": 76, "fields": {"post": 84, "category": 3}}, {"model": "news.postcategory", "pk": 77, "fields": {"post": 84, "category": 4}}, {"model": "news.postcategory", "pk": 78, "fields": {"post": 85, "category": 1}}, {"model": "news.postcategory", "pk": 79, "fields": {"post": 85, "category": 2}}, {"model": "news.postcategory", "pk": 80, "fields": {"post": 85, "category": 3}}, {"model": "news.postcategory", "pk": 81, "fields": {"post": 86, "category": 1}}, {"model": "news.postcategory", "pk": 82, "fields": {"post": 86, "category": 2}}, {"model": "news.postcategory", "pk": 83, "fields": {"post": 86, "category": 3}}, {"model": "news.postcategory", "pk": 84, "fields": {"post": 87, "category": 2}}, {"model": "news.postcategory", "pk": 85, "fields": {"post": 87, "category": 4}}, {"model": "news.postcategory", "pk": 86, "fields": {"post": 87, "category": 5}}, {"model": "news.postcategory", "pk": 87, "fields": {"post": 88, "category": 1}}, {"model": "news.postcategory", "pk": 88, "fields": {"post": 88, "category": 2}}, {"model": "news.postcategory", "pk": 89, "fields": {"post": 88, "category": 3}}]
